/* create database HEI 
USE HEI */

/*
DROP TABLE IF EXISTS StudentInfo;
CREATE TABLE StudentInfo(
	Faculty VARCHAR(64),
	Department VARCHAR(64), 	
	StudentID INT,
	StudentSurname VARCHAR(64),
	StudentName VARCHAR(64),
	NationalID CHAR(11),	
	RegistrationDate CHAR(10),
	RegistrationType VARCHAR(64),
	ProgramType VARCHAR(32),
	Class INT,
	StudentSemester INT,
    HashValue varchar(32),
	PRIMARY KEY (`StudentID`)
);
*/

/*
DROP TABLE IF EXISTS TakenCourse;
CREATE TABLE TakenCourse(
	StudentID INT,
	CourseCode VARCHAR(32),
	Grade VARCHAR(2),
	Points FLOAT(3,1),
	TakenSemester INT,
	HashValue varchar(32)
);
*/

/*
DROP TABLE IF EXISTS CourseInfo;
CREATE TABLE CourseInfo(
	CourseCode VARCHAR(32),
	CourseName VARCHAR(64),
	CourseType VARCHAR(32),
	ECTS INT,
	Credit INT,
	HashValue varchar(32),
	PRIMARY KEY (`CourseCode`)
);
*/


/*
INSERT INTO StudentInfo
(Faculty, Department, StudentID, StudentSurname, StudentName, NationalID,	RegistrationDate, RegistrationType,	ProgramType, Class, StudentSemester)
VALUES
('Faculty of Engineering and Architecture', 'Computer Engineering', 200301999, 'Selvi', 'Ecrin', '32656598457', '02.01.2020', 'Major/OSYM', 'Undergraduate',  2, 4),
('Faculty of Engineering and Architecture', 'Computer Engineering', 200391904, 'Yılmaz', 'Elif', '12652598456', '03.01.2021', 'Major/OSYM', 'Undergraduate',  1, 1),
('Faculty of Engineering and Architecture', 'Computer Engineering', 200321989, 'Kaya', 'Aras', '42662598453', '04.02.2020', 'Major/OSYM', 'Undergraduate',  2, 3),
('Faculty of Engineering and Architecture', 'Computer Engineering', 200301976, 'Demir', 'Ali', '32352598457', '19.01.2020', 'Major/OSYM', 'Undergraduate',  1, 2),
('Faculty of Engineering and Architecture', 'Computer Engineering', 200341969, 'Korkmaz', 'Azra', '12652598457', '21.02.2020', 'Major/OSYM', 'Undergraduate',  2, 3),
('Faculty of Engineering and Architecture', 'Computer Engineering', 200301951, 'Aydın', 'Nehir', '12632598353', '13.01.2020', 'Major/OSYM', 'Undergraduate',  1, 2),
('Faculty of Engineering and Architecture', 'Computer Engineering', 200751949, 'Şahin', 'Mustafa', '82652598456', '12.02.2020', 'Major/OSYM', 'Undergraduate',  2, 4),
('Faculty of Engineering and Architecture', 'Computer Engineering', 200601933, 'Yıldız', 'Asya', '72652528654', '01.02.2020', 'Major/OSYM', 'Undergraduate',  2, 3),
('Faculty of Engineering and Architecture', 'Computer Engineering', 200301924, 'Öztürk', 'Eymen', '12452598456', '02.01.2020', 'Major/OSYM', 'Undergraduate',  2, 4),
('Faculty of Engineering and Architecture', 'Computer Engineering', 200401915, 'Çelik', 'Ömer', '16652592456', '01.02.2020', 'Major/OSYM', 'Undergraduate',  1, 1);

select * from StudentInfo;
*/
	
/*
INSERT INTO CourseInfo
(CourseCode, CourseName, CourseType, ECTS, Credit)
VALUES
('COMP1001', 'Fundamentals of Computer Engineering', 'C' , 5, 3),
('COMP1003', 'Algorithms and Programming I', 'C' , 6, 3),
('ENG103', 'Advanced English I', 'C' , 2, 2),
('MATH1001', 'Calculus I', 'C' , 7, 4),
('PHYS1001', 'Physics I', 'C' , 4, 3),
('PHYS1011', 'Physics I Laboratory', 'C' , 2, 1),
('TURK103', 'Turkhish Language I', 'C' , 2, 2),
('UNI103', 'University Life and Culture', 'C' , 2, 2),
('COMP1006', 'Algorithms and Programming II', 'C' , 7, 3),
('COMP1008', 'Discrete Mathematics', 'C' , 6, 3),
('ENG104', 'Advanced English II', 'C' , 2, 2),
('MATH1002', 'Calculus II', 'C' , 7, 4),
('PHYS1002', 'Physics II', 'C' , 4, 3),
('PHYS1012', 'Physics II Laboratory', 'C' , 2, 1),
('TURK104', 'Turkish Language', 'C' , 2, 2),
('COMP2003', 'Data Structures', 'C' , 6, 3),
('COMP2005', 'Object Oriented Programming', 'C' , 6, 3),
('COMP2007', 'Logical System Design', 'C' , 5, 4),
('HIST203', 'Ataturk\'s Principles and The History of Turkish Renovation I', 'C' , 2, 2),
('MATH2001', 'Linear Algebra', 'C' , 5, 4),
('STAT2003', 'Probability and Statistics', 'C' , 6, 3),
('COMP2004', 'Database Management Systems', 'C' , 6, 3),
('COMP2006', 'Design and Analysis of Algorithms', 'C' , 5, 3),
('COMP2008', 'Computer Architecture', 'C' , 5, 3),
('HIST204', 'Ataturk\'s Principles and The History of Turkish Renovation II', 'C' , 2, 2),
('MATH2006', 'Differential Equations', 'C' , 6, 3),
('STAT2004', 'Statistics', 'C' , 6, 3);

select * from CourseInfo;
*/


/*
INSERT INTO TakenCourse
(StudentID, CourseCode, Grade, Points, TakenSemester)
VALUES
(200301999, 'COMP1001', 'AA', 20, 1),
(200301999, 'COMP1003', 'BA', 21, 1),
(200301999, 'ENG103', 'AA', 8, 1),
(200301999, 'MATH1001', 'BB', 21, 1),
(200301999, 'PHYS1001', 'CB', 10.8, 1),
(200301999, 'PHYS1011', 'AA', 8, 1),
(200301999, 'TURK103', 'BA', 7, 1),
(200301999, 'UNI103', 'BB', 6, 1),
(200301999, 'COMP1006', 'CC', 14, 2),
(200301999, 'COMP1008', 'DC', 9, 2),
(200301999, 'ENG104', 'AA', 8, 2),
(200301999, 'MATH1002', 'BA', 24.5, 2),
(200301999, 'PHYS1002', 'BB', 12, 2),
(200301999, 'PHYS1012', 'BB', 6, 2),
(200301999, 'TURK104', 'BB', 4, 2),
(200301999, 'COMP2003', 'AA', 24, 3),
(200301999, 'COMP2005', 'AA', 24, 3),
(200301999, 'COMP2007', 'BA', 17.5, 3),
(200301999, 'HIST203', 'BA', 7, 3),
(200301999, 'MATH2001', 'BB', 15, 3),
(200301999, 'STAT2003', 'DC', 9, 3),
(200301999, 'COMP2004', 'CB', 15, 4),
(200301999, 'COMP2006', 'CB', 12.5, 4),
(200301999, 'COMP2008', 'CC', 10, 4),
(200301999, 'HIST204', 'BB', 6, 4),
(200301999, 'MATH2006', 'BA', 21, 4),
(200301999, 'STAT2004', 'BB', 18, 4),
(200391904, 'COMP1001', 'AA', 20, 1),
(200391904, 'COMP1003', 'BB', 18, 1),
(200391904, 'ENG103', 'BA', 7, 1),
(200391904, 'MATH1001', 'BA', 24.5, 1),
(200391904, 'PHYS1001', 'BB', 12, 1),
(200391904, 'PHYS1011', 'AA', 8, 1),
(200391904, 'TURK103', 'AA', 8, 1),
(200391904, 'UNI103', 'AA', 8, 1),
(200321989, 'COMP1001', 'CC', 10, 1),
(200321989, 'COMP1003', 'DC', 9, 1),
(200321989, 'ENG103', 'BA', 7, 1),
(200321989, 'MATH1001', 'BB', 21, 1),
(200321989, 'PHYS1001', 'CC', 8, 1),
(200321989, 'PHYS1011', 'DC', 3, 1),
(200321989, 'TURK103', 'BB', 6, 1),
(200321989, 'UNI103', 'BA', 7, 1),
(200321989, 'COMP1006', 'BB', 21, 2),
(200321989, 'COMP1008', 'DC', 9, 2),
(200321989, 'ENG104', 'AA', 8, 2),
(200321989, 'MATH1002', 'BB', 21, 2),
(200321989, 'PHYS1002', 'BA', 14, 2),
(200321989, 'PHYS1012', 'BA', 7, 2),
(200321989, 'TURK104', 'CC', 4, 2),
(200321989, 'COMP2003', 'CB', 15, 3),
(200321989, 'COMP2005', 'CB', 15, 3),
(200321989, 'COMP2007', 'DC', 7.5, 3),
(200321989, 'HIST203', 'AA', 8, 3),
(200321989, 'MATH2001', 'BA', 17.5, 3),
(200321989, 'STAT2003', 'BB', 18, 3),
(200301976, 'COMP1001', 'AA', 20, 1),
(200301976, 'COMP1003', 'BB', 18, 1),
(200301976, 'ENG103', 'BA', 7, 1),
(200301976, 'MATH1001', 'BB', 21, 1),
(200301976, 'PHYS1001', 'BB', 12, 1),
(200301976, 'PHYS1011', 'BA', 7, 1),
(200301976, 'TURK103', 'BA', 7, 1),
(200301976, 'UNI103', 'BA', 7, 1),
(200301976, 'COMP1006', 'BB', 21, 2),
(200301976, 'COMP1008', 'AA', 24, 2),
(200301976, 'ENG104', 'CB', 5, 2),
(200301976, 'MATH1002', 'CC', 14, 2),
(200301976, 'PHYS1002', 'BB', 12, 2),
(200301976, 'PHYS1012', 'AA', 8, 2),
(200301976, 'TURK104', 'BB', 6, 2),
(200341969, 'COMP1001', 'CC', 10, 1),
(200341969, 'COMP1003', 'BB', 18, 1),
(200341969, 'ENG103', 'CB', 3.4, 1),
(200341969, 'MATH1001', 'DC', 10.5, 1),
(200341969, 'PHYS1001', 'CC', 8, 1),
(200341969, 'PHYS1011', 'BB', 6, 1),
(200341969, 'TURK103', 'AA', 8, 1),
(200341969, 'UNI103', 'AA', 8, 1),
(200341969, 'COMP1006', 'CC', 14, 2),
(200341969, 'COMP1008', 'DC', 9, 2),
(200341969, 'ENG104', 'AA', 8, 2),
(200341969, 'MATH1002', 'AA', 28, 2),
(200341969, 'PHYS1002', 'CC', 8, 2),
(200341969, 'PHYS1012', 'BB', 6, 2),
(200341969, 'TURK104', 'BB', 6, 2),
(200341969, 'COMP2003', 'AA', 24, 3),
(200341969, 'COMP2005', 'DC', 15, 3),
(200341969, 'COMP2007', 'BB', 15, 3),
(200341969, 'HIST203', 'CC', 4, 3),
(200341969, 'MATH2001', 'BA', 17.5, 3),
(200341969, 'STAT2003', 'CC', 12, 3),
(200301951, 'COMP1001', 'AA', 20, 1),
(200301951, 'COMP1003', 'AA', 24, 1),
(200301951, 'ENG103', 'AA', 8, 1),
(200301951, 'MATH1001', 'BA', 24.5, 1),
(200301951, 'PHYS1001', 'BA', 14, 1),
(200301951, 'PHYS1011', 'AA', 8, 1),
(200301951, 'TURK103', 'BA', 7, 1),
(200301951, 'UNI103', 'BB', 6, 1),
(200301951, 'COMP1006', 'BB', 21, 2),
(200301951, 'COMP1008', 'BA', 21, 2),
(200301951, 'ENG104', 'BB', 6, 2),
(200301951, 'MATH1002', 'AA', 28, 2),
(200301951, 'PHYS1002', 'BA', 14, 2),
(200301951, 'PHYS1012', 'CB', 5, 2),
(200301951, 'TURK104', 'BB', 6, 2),
(200751949, 'COMP1001', 'AA', 20, 1),
(200751949, 'COMP1003', 'BB', 18, 1),
(200751949, 'ENG103', 'CC', 4, 1),
(200751949, 'MATH1001', 'AA', 28, 1),
(200751949, 'PHYS1001', 'BA', 14, 1),
(200751949, 'PHYS1011', 'BA', 7, 1),
(200751949, 'TURK103', 'AA', 8, 1),
(200751949, 'UNI103', 'BB', 6, 1),
(200751949, 'COMP1006', 'AA', 28, 2),
(200751949, 'COMP1008', 'BA', 21, 2),
(200751949, 'ENG104', 'AA', 8, 2),
(200751949, 'MATH1002', 'BB', 21, 2),
(200751949, 'PHYS1002', 'AA', 16, 2),
(200751949, 'PHYS1012', 'DC', 3, 2),
(200751949, 'TURK104', 'AA', 8, 2),
(200751949, 'COMP2003', 'BA', 21, 3),
(200751949, 'COMP2005', 'BA', 21, 3),
(200751949, 'COMP2007', 'BB', 15, 3),
(200751949, 'HIST203', 'AA', 8, 3),
(200751949, 'MATH2001', 'BA', 17.5, 3),
(200751949, 'STAT2003', 'AA', 24, 3),
(200751949, 'COMP2004', 'BB', 18, 4),
(200751949, 'COMP2006', 'AA', 20, 4),
(200751949, 'COMP2008', 'BB', 15, 4),
(200751949, 'HIST204', 'AA', 8, 4),
(200751949, 'MATH2006', 'BA', 21, 4),
(200751949, 'STAT2004', 'AA', 24, 4),
(200601933, 'COMP1001', 'CC', 10, 1),
(200601933, 'COMP1003', 'CC', 12, 1),
(200601933, 'ENG103', 'CC', 4, 1),
(200601933, 'MATH1001', 'CC', 14, 1),
(200601933, 'PHYS1001', 'CC', 8, 1),
(200601933, 'PHYS1011', 'DC', 3, 1),
(200601933, 'TURK103', 'DC', 3, 1),
(200601933, 'UNI103', 'CC', 4, 1),
(200601933, 'COMP1006', 'BA', 21.5, 2),
(200601933, 'COMP1008', 'AA', 24, 2),
(200601933, 'ENG104', 'CC', 4, 2),
(200601933, 'MATH1002', 'AA', 28, 2),
(200601933, 'PHYS1002', 'DC', 6, 2),
(200601933, 'PHYS1012', 'CB', 5, 2),
(200601933, 'TURK104', 'BA', 7, 2),
(200601933, 'COMP2003', 'AA', 24, 3),
(200601933, 'COMP2005', 'AA', 24, 3),
(200601933, 'COMP2007', 'BA', 17.5, 3),
(200601933, 'HIST203', 'BA', 7, 3),
(200601933, 'MATH2001', 'BA', 17.5, 3),
(200601933, 'STAT2003', 'CC', 12, 3),
(200301924, 'COMP1001', 'BB', 15, 1),
(200301924, 'COMP1003', 'BA', 21, 1),
(200301924, 'ENG103', 'AA', 8, 1),
(200301924, 'MATH1001', 'AA', 28, 1),
(200301924, 'PHYS1001', 'DC', 6, 1),
(200301924, 'PHYS1011', 'BA', 7, 1),
(200301924, 'TURK103', 'BB', 6, 1),
(200301924, 'UNI103', 'DC', 3, 1),
(200301924, 'COMP1006', 'CC', 14, 2),
(200301924, 'COMP1008', 'CC', 12, 2),
(200301924, 'ENG104', 'BB', 6, 2),
(200301924, 'MATH1002', 'BB', 21, 2),
(200301924, 'PHYS1002', 'BB', 12, 2),
(200301924, 'PHYS1012', 'CC', 4, 2),
(200301924, 'TURK104', 'CB', 5.4, 2),
(200301924, 'COMP2003', 'BA', 21, 3),
(200301924, 'COMP2005', 'BA', 21, 3),
(200301924, 'COMP2007', 'BB', 15, 3),
(200301924, 'HIST203', 'BA', 7, 3),
(200301924, 'MATH2001', 'BB', 15, 3),
(200301924, 'STAT2003', 'BA', 21, 3),
(200301924, 'COMP2004', 'AA', 24, 4),
(200301924, 'COMP2006', 'AA', 20, 4),
(200301924, 'COMP2008', 'BA', 17.5, 4),
(200301924, 'HIST204', 'BA', 7, 4),
(200301924, 'MATH2006', 'BA', 21, 4),
(200301924, 'STAT2004', 'CB', 15, 4),
(200401915, 'COMP1001', 'AA', 20, 1),
(200401915, 'COMP1003', 'AA', 24, 1),
(200401915, 'ENG103', 'CC', 4, 1),
(200401915, 'MATH1001', 'CB', 18.9, 1),
(200401915, 'PHYS1001', 'DC', 6, 1),
(200401915, 'PHYS1011', 'BA', 7, 1),
(200401915, 'TURK103', 'BA', 7, 1),
(200401915, 'UNI103', 'BB', 6, 1);

select * from TakenCourse;
*/

